index,episode_time,steps,noise,episode_reward,avg_critic_loss,avg_actor_loss
0,2.4499984,147,0,23.270546,0,0
1,2.0166655,121,0,0.41035616,0.19686192,-0.041665036
2,0.88333315,53,0,0.88193285,0.14640729,-0.08109228
3,0.6333334,38,0,0.68882096,0.053990945,-0.12067138
4,0.68333334,41,0,0.8787569,0.02854053,-0.027165918
5,0.81666654,49,0,8.427506,0.024264913,-0.059157956
6,1.8166656,109,0,1.8800973,0.042521406,-0.17662531
7,1.5999992,96,0,2.3912053,0.035526805,-0.55978924
8,0.7999999,48,0,0.64537483,0.012480588,-0.9108366
9,0.7999999,48,0,2.2521133,0.03620773,-0.80771023
10,0.7999999,48,0,0.73566234,0.012976548,-0.8321245
11,0.84999985,51,0,1.5711141,0.009108348,-0.963927
12,0.78333324,47,0,9.514707,0.01785184,-1.2337885
13,0.5000002,30,0,1.2119867,0.01136694,-1.2944329
14,0.6333334,38,0,2.294688,0.01754135,-1.301868
15,2.1666653,130,0,3.6212845,0.012204711,-1.4961866
16,1.0333331,62,0,2.1312604,0.0076906034,-1.6892148
17,1.2833328,77,0,7.658466,0.021399481,-1.7480319
18,0.98333305,59,0,1.869041,0.0142670255,-1.9182743
19,2.0166655,121,0,4.019953,0.016257698,-2.1749046
20,1.1499996,69,0,5.691458,0.018093474,-2.490501
21,1.5666659,94,0,21.68222,0.015045924,-2.7985425
22,1.9166656,115,0,5.770539,0.020036867,-3.2865036
23,1.2666662,76,0,14.027591,0.031742707,-3.6613588
24,0.78333324,47,0,4.8258653,0.02359165,-3.7214668
25,1.466666,88,0,0.7990278,0.02068729,-3.9102588
26,1.6666658,100,0,11.670053,0.0191223,-4.139551
27,3.0166645,181,0,2.9135382,0.013586245,-4.5237303
28,0.8666665,52,0,1.5267524,0.011747206,-4.883532
29,0.65000004,39,0,11.328459,0.01483393,-5.0064583
30,3.0166645,181,0,21.120596,0.01413172,-5.5607295
31,1.9999988,120,0,2.584824,0.013973718,-6.4442806
32,2.2666652,136,0,2.2525043,0.012905643,-7.1023893
33,0.9333331,56,0,9.919597,0.01636347,-7.435421
34,1.4499993,87,0,9.490435,0.01579309,-7.5608573
35,0.74999994,45,0,2.2491522,0.017229918,-7.6096816
36,0.71666664,43,0,1.3383842,0.016018335,-7.774775
37,1.9333322,116,0,0.5921416,0.016585939,-7.891555
38,1.6333325,98,0,6.974699,0.015459099,-8.220048
39,1.9333322,116,0,9.895765,0.014355003,-8.576412
40,1.9999988,120,0,11.874832,0.0141991805,-8.832946
41,3.0166645,181,0,5.851764,0.01825507,-9.212851
42,1.8166656,109,0,6.2079434,0.02100688,-9.647204
43,2.0499988,123,0,73.4365,0.023521023,-10.053333
44,1.6666658,100,0,12.843226,0.025606455,-10.309753
45,1.4833326,89,0,1.0925514,0.026053736,-10.440763
46,1.8666656,112,0,24.329403,0.022903968,-10.725483
47,1.9833322,119,0,43.38227,0.023660528,-11.016956
48,1.4499993,87,0,17.510351,0.02563064,-11.223097
49,1.9333322,116,0,6.6666574,0.026287796,-11.381909
50,2.1166654,127,0,5.0211806,0.026906958,-11.71148
51,1.0666664,64,0,4.377958,0.024698252,-12.008723
52,2.3166652,139,0,6.454062,0.026350964,-12.168227
53,0.84999985,51,0,2.2392335,0.027378831,-12.36837
54,1.466666,88,0,16.648058,0.02652481,-12.542039
55,1.2166662,73,0,7.1268315,0.02760842,-12.759793
56,3.0166645,181,0,79.17849,0.031239204,-13.090136
57,2.083332,125,0,4.493339,0.033556428,-13.325858
58,2.083332,125,0,84.77219,0.034950886,-13.671022
59,0.7,42,0,3.4436665,0.03603407,-13.849417
60,2.033332,122,0,16.214088,0.0339648,-14.038935
61,0.9333331,56,0,8.681734,0.036147323,-14.141737
62,2.083332,125,0,50.84327,0.03477738,-14.329768
63,1.9499989,117,0,99.63308,0.03563258,-14.674877
64,0.68333334,41,0,2.6216345,0.03912526,-14.86225
65,1.1833329,71,0,2.6590927,0.037200477,-14.862094
66,2.9333313,176,0,40.13366,0.03971716,-15.022441
67,1.2999995,78,0,19.063177,0.041038506,-15.124615
68,0.7666666,46,0,8.287423,0.04091089,-15.146046
69,2.616665,157,0,39.589783,0.042711522,-15.316327
70,3.0166645,181,0,153.95468,0.042937,-15.849639
71,2.3166652,139,0,8.312623,0.04334355,-16.198256
72,2.2499986,135,0,8.118665,0.04303731,-16.323954
73,2.616665,157,0,65.72119,0.044746403,-16.448523
74,1.5999992,96,0,13.61424,0.043881193,-16.649021
75,1.5333326,92,0,22.332064,0.048854902,-16.742556
76,2.466665,148,0,4.09121,0.04934115,-16.945704
77,1.3166661,79,0,0.7574907,0.05936464,-17.03786
78,0.71666664,43,0,1.2450217,0.06051078,-17.016747
79,1.5833325,95,0,1.1388966,0.054598805,-17.100458
80,0.84999985,51,0,3.695042,0.053336553,-17.235216
81,1.5999992,96,0,47.433327,0.058017384,-17.38941
82,1.0666664,64,0,19.121883,0.054761905,-17.456127
83,3.0166645,181,0,27.791359,0.06465727,-17.717407
84,0.7,42,0,0.97313154,0.06787272,-17.959457
85,1.416666,85,0,24.005056,0.06446006,-18.100725
86,1.9499989,117,0,7.711285,0.0650472,-18.07934
87,0.5000002,30,0,0.50168294,0.0692176,-18.276781
88,2.616665,157,0,20.254484,0.06612776,-18.371656
89,1.3833327,83,0,7.075842,0.07039153,-18.62373
90,0.7999999,48,0,1.2005595,0.0675162,-18.634815
91,0.88333315,53,0,15.867201,0.06901786,-18.80927
92,1.5333326,92,0,4.6872673,0.069357276,-18.811924
93,1.2666662,76,0,46.500687,0.07226478,-18.919863
94,0.84999985,51,0,0.39144087,0.07041711,-18.945637
95,2.5999982,156,0,8.487466,0.06996898,-19.113913
96,1.1166663,67,0,5.0300326,0.07384714,-19.33848
97,1.0166664,61,0,13.99001,0.071131386,-19.31077
98,1.1499996,69,0,5.7935266,0.07073217,-19.331537
99,0.84999985,51,0,0.99359196,0.07017189,-19.417187
100,1.416666,85,0,6.449976,0.06957916,-19.465683
101,1.4999993,90,0,3.0427954,0.072339684,-19.60293
102,3.0166645,181,0,256.54785,0.07187269,-19.931852
103,1.6999991,102,0,68.32098,0.076421544,-20.336689
104,1.8999989,114,0,7.5384474,0.07911934,-20.622807
105,0.7666666,46,0,14.729611,0.082887076,-20.800594
106,2.0499988,123,0,85.18899,0.08281908,-21.06268
107,0.5333335,32,0,1.4766285,0.08574547,-21.131285
108,0.9999997,60,0,3.6877925,0.095038965,-21.185034
109,0.6000001,36,0,1.528509,0.0981232,-21.14951
110,1.5166659,91,0,6.1967754,0.08621459,-21.376062
111,2.0666654,124,0,6.9440327,0.09183344,-21.397514
112,1.0499997,63,0,4.4160395,0.08929732,-21.612303
113,2.1166654,127,0,4.6999683,0.09156716,-21.696741
114,0.94999975,57,0,1.0406197,0.09337255,-21.740053
115,0.7666666,46,0,2.2599945,0.089471765,-21.899342
116,0.78333324,47,0,0.92811656,0.088165894,-22.008804
117,3.0166645,181,0,228.84477,0.08493517,-22.347574
118,1.0333331,62,0,2.0444927,0.0855584,-22.634188
119,1.2999995,78,0,21.269709,0.08624382,-22.823614
120,3.0166645,181,0,104.23702,0.09092821,-23.071804
121,1.3666661,82,0,30.684906,0.097409286,-23.210346
122,0.6666667,40,0,1.1344748,0.09907487,-23.466442
123,1.2166662,73,0,1.3153889,0.09825049,-23.545586
124,2.1166654,127,0,46.140804,0.0998059,-23.727337
125,1.8666656,112,0,5.3271947,0.102424026,-23.913597
126,1.799999,108,0,18.84657,0.10644305,-23.99476
127,1.3166661,79,0,3.135271,0.111088134,-24.158955
128,1.2999995,78,0,3.102972,0.11372466,-24.243717
129,1.1666663,70,0,8.094364,0.11493641,-24.347336
130,2.2666652,136,0,137.32637,0.12117409,-24.562252
131,2.849998,171,0,60.098526,0.1290785,-24.99891
132,2.6333315,158,0,55.179108,0.13734633,-25.333626
133,0.7666666,46,0,0.6492996,0.13129908,-25.336138
134,3.0166645,181,0,118.38453,0.13579842,-25.689785
135,3.0166645,181,0,225.56653,0.14017826,-26.161768
136,1.1833329,71,0,2.6172113,0.14229633,-26.25947
137,1.1833329,71,0,2.2027028,0.14311694,-26.32906
138,0.94999975,57,0,0.9368895,0.13547072,-26.311821
139,1.3666661,82,0,23.522228,0.14411147,-26.532207
140,1.8166656,109,0,22.00524,0.14845625,-26.707714
141,3.0166645,181,0,164.8053,0.14810142,-26.898052
142,2.8166647,169,0,101.68412,0.14690527,-27.264181
143,2.616665,157,0,130.92244,0.15587987,-27.57678
144,1.5499992,93,0,17.525564,0.16482799,-27.70915
145,0.7666666,46,0,4.093632,0.15577862,-27.735193
146,0.81666654,49,0,20.302767,0.16824839,-27.598698
147,0.71666664,43,0,1.9418494,0.16594283,-27.862356
148,3.0166645,181,0,14.829201,0.1604754,-27.85987
149,2.5333316,152,0,97.503586,0.16465235,-28.088139
150,2.516665,151,0,2.83805,0.1657438,-28.252064
151,3.0166645,181,0,136.35599,0.1683445,-28.616617
152,3.0166645,181,0,200.3191,0.17204593,-28.799349
153,1.3666661,82,0,24.849112,0.17676547,-29.033169
154,3.0166645,181,0,262.48465,0.16728584,-29.366236
155,3.0166645,181,0,196.47919,0.17718317,-29.812698
156,1.4499993,87,0,2.3429008,0.18514131,-29.854954
157,2.4999983,150,0,36.397713,0.17645043,-30.128685
158,1.0999997,66,0,14.707026,0.18010882,-30.385157
159,0.8333332,50,0,6.137884,0.18147302,-30.323053
160,1.2666662,76,0,0.25791624,0.1837995,-30.304556
161,1.4833326,89,0,15.238593,0.1827815,-30.374691
162,1.1666663,70,0,1.859359,0.18220341,-30.437794
163,3.0166645,181,0,6.912101,0.1822234,-30.604155
164,3.0166645,181,0,11.73429,0.1907598,-30.759455
165,2.2833319,137,0,3.4794555,0.18908678,-30.974863
166,0.7999999,48,0,4.5867133,0.19388263,-31.14942
167,2.033332,122,0,15.680522,0.20592707,-31.032263
168,2.8333313,170,0,1.1797575,0.20347035,-31.101368
169,2.0499988,123,0,3.713328,0.2127319,-31.117006
170,3.0166645,181,0,13.0552635,0.2189236,-31.401907
171,1.4833326,89,0,2.350605,0.21398883,-31.559572
172,3.0166645,181,0,305.98096,0.21851775,-31.946207
173,1.8333323,110,0,1.9721328,0.2282318,-32.23678
174,3.0166645,181,0,266.23605,0.23326898,-32.600353
175,1.2666662,76,0,3.9125552,0.23407604,-32.918373
176,3.0166645,181,0,318.14697,0.23169966,-33.17431
177,1.0166664,61,0,0.67157894,0.22341178,-33.357964
178,3.0166645,181,0,196.80104,0.23722765,-33.683495
179,3.0166645,181,0,304.3323,0.23148341,-34.15432
180,2.3666651,142,0,74.55157,0.24436547,-34.44802
181,1.749999,105,0,4.4351873,0.23212866,-34.42691
182,0.9999997,60,0,1.950698,0.23421703,-34.31922
183,3.0166645,181,0,153.09157,0.2479666,-34.759975
184,3.0166645,181,0,295.46024,0.2568189,-35.085033
185,3.0166645,181,0,301.52576,0.2515998,-35.53902
186,1.3999994,84,0,2.7387006,0.24873757,-35.71365
187,1.3333328,80,0,1.5794994,0.25539333,-35.698112
188,3.0166645,181,0,365.15088,0.25757557,-36.039307
189,0.68333334,41,0,2.6897552,0.2781753,-36.278442
190,1.8166656,109,0,4.4097233,0.25735047,-36.415997
191,2.5333316,152,0,1.1015835,0.27345854,-36.42675
192,1.1666663,70,0,1.4377826,0.279573,-36.266636
193,3.0166645,181,0,311.982,0.27068564,-36.67478
194,0.81666654,49,0,0.39173815,0.25893366,-36.94014
195,1.3333328,80,0,0.9658577,0.27737904,-37.088818
196,2.516665,151,0,19.691977,0.2756649,-37.094223
197,1.2333329,74,0,0.47493792,0.2804054,-37.096634
198,3.0166645,181,0,342.28528,0.2726801,-37.44422
199,0.84999985,51,0,1.506763,0.26462916,-37.589527
200,0.88333315,53,0,1.3396868,0.29194662,-37.58477
201,3.0166645,181,0,159.34544,0.2854496,-37.80301
202,3.0166645,181,0,288.62216,0.27893052,-38.31986
203,3.0166645,181,0,296.46915,0.28044373,-38.505424
204,3.0166645,181,0,178.70447,0.28707936,-39.088886
205,3.0166645,181,0,171.64061,0.28509092,-39.42028
206,1.0999997,66,0,1.9080302,0.28698242,-39.34937
207,3.0166645,181,0,292.95016,0.28887674,-39.901688
208,3.0166645,181,0,87.00509,0.29361814,-40.061295
209,1.2999995,78,0,1.712218,0.29648933,-40.094795
210,3.0166645,181,0,344.33276,0.28202793,-40.409958
211,1.8166656,109,0,14.215029,0.2867749,-40.5626
212,0.5166668,31,0,0.9581673,0.28856605,-40.451927
213,3.0166645,181,0,135.51334,0.2880401,-40.921406
214,1.1833329,71,0,4.019346,0.29131564,-41.1332
215,3.0166645,181,0,245.96791,0.2844049,-41.19973
216,3.0166645,181,0,169.83943,0.29088438,-41.697018
217,3.0166645,181,0,244.4121,0.28573588,-41.734535
218,3.0166645,181,0,65.20334,0.28599292,-42.1613
219,1.133333,68,0,3.5126028,0.29097563,-42.133484
220,3.0166645,181,0,76.27985,0.294662,-42.454407
221,3.0166645,181,0,162.73166,0.30442703,-42.734303
222,3.0166645,181,0,11.374775,0.3197211,-42.943096
223,3.0166645,181,0,36.961613,0.31831914,-43.24968
224,3.0166645,181,0,125.57077,0.3241561,-43.75827
225,2.749998,165,0,16.01529,0.337538,-43.95198
226,3.0166645,181,0,4.142773,0.34153625,-44.02129
227,3.0166645,181,0,36.49872,0.35011446,-44.61257
228,1.2499995,75,0,5.8242793,0.34959185,-44.852985
229,0.48333353,29,0,0.6308088,0.3442365,-44.84178
230,2.8166647,169,0,83.84174,0.35040176,-44.78802
231,1.466666,88,0,7.7394395,0.36136812,-45.196526
232,2.8833313,173,0,2.0002,0.3675768,-45.106644
233,3.0166645,181,0,153.14767,0.36808428,-45.430443
234,1.9833322,119,0,1.0923712,0.36640623,-45.767597
235,0.5333335,32,0,0.7274147,0.3713135,-45.48816
236,2.9999979,180,0,55.072056,0.38424754,-45.964752
237,3.0166645,181,0,65.8211,0.3899187,-46.335125
238,3.0166645,181,0,170.33542,0.38757583,-46.40587
239,2.3499985,141,0,33.48427,0.39478934,-46.709263
240,1.5499992,93,0,1.5082546,0.3928259,-46.743702
241,3.0166645,181,0,231.19402,0.40565023,-47.061703
242,3.0166645,181,0,105.135,0.4096455,-47.15745
243,3.0166645,181,0,326.174,0.42609394,-47.529465
244,0.7666666,46,0,0.5111997,0.41550523,-47.358665
245,2.9833312,179,0,2.463717,0.4289461,-47.735966
246,3.0166645,181,0,19.000717,0.4437477,-47.934174
247,3.0166645,181,0,202.31694,0.46271375,-48.164253
248,2.033332,122,0,5.8984346,0.4529645,-48.218594
249,3.0166645,181,0,134.24097,0.45658168,-48.55776
250,1.9166656,115,0,5.0011945,0.4636576,-48.550312
251,3.0166645,181,0,66.863235,0.46791878,-48.67271
252,2.566665,154,0,8.518505,0.4642087,-48.712048
253,3.0166645,181,0,23.46938,0.4645564,-48.785275
254,3.0166645,181,0,162.99687,0.45887452,-48.772156
255,1.2333329,74,0,9.993695,0.46981037,-49.115337
256,3.0166645,181,0,181.10431,0.46460575,-49.187477
257,3.0166645,181,0,10.3693495,0.4766066,-49.20867
258,3.0166645,181,0,108.76955,0.47769237,-49.294716
259,3.0166645,181,0,184.44054,0.4742635,-49.56496
260,2.899998,174,0,0.9310817,0.4772617,-49.424408
261,3.0166645,181,0,158.22165,0.47579858,-49.522915
262,3.0166645,181,0,190.42314,0.4817841,-49.70405
263,3.0166645,181,0,219.76877,0.49055567,-49.868458
264,3.0166645,181,0,17.219137,0.4924144,-49.87174
265,3.0166645,181,0,75.68237,0.49466974,-49.936565
266,3.0166645,181,0,46.884872,0.50038815,-50.04023
267,3.0166645,181,0,8.36774,0.4883194,-50.11536
268,2.2666652,136,0,0.9442179,0.49930096,-50.10928
269,3.0166645,181,0,297.32834,0.49784818,-50.166622
270,1.849999,111,0,2.3919039,0.50628775,-50.3199
271,3.0166645,181,0,154.6651,0.49566197,-50.112595
272,3.0166645,181,0,144.82431,0.501492,-50.300247
273,3.0166645,181,0,19.117832,0.50924563,-50.500065
274,3.0166645,181,0,138.66747,0.49559805,-50.28272
275,2.8833313,173,0,0.6360554,0.49295768,-50.35054
276,2.5999982,156,0,9.821863,0.5031992,-50.289722
277,3.0166645,181,0,50.403793,0.4867807,-50.216747
278,3.0166645,181,0,258.95728,0.50664145,-50.426697
279,1.5999992,96,0,0.3912867,0.49312633,-50.417736
280,3.0166645,181,0,175.5595,0.48441282,-50.253536
281,2.949998,177,0,4.3428044,0.48870042,-50.307495
282,3.0166645,181,0,64.25535,0.49497235,-50.547626
283,1.2166662,73,0,1.9067196,0.470204,-50.266586
284,2.8833313,173,0,1.9341673,0.4825329,-50.34991
285,3.0166645,181,0,283.4379,0.4797065,-50.45249
286,3.0166645,181,0,140.29323,0.5121476,-50.503437
287,3.0166645,181,0,269.79306,0.5092659,-50.611706
288,3.0166645,181,0,130.21371,0.51651114,-50.83705
289,1.466666,88,0,1.2192266,0.49391708,-50.663002
290,1.2499995,75,0,5.7961974,0.48346537,-50.550724
291,1.2499995,75,0,2.9823732,0.53559047,-50.60064
292,3.0166645,181,0,6.364988,0.51420265,-50.533733
293,1.5666659,94,0,4.260647,0.5181806,-50.2768
294,3.0166645,181,0,256.6474,0.5078014,-50.465096
295,3.0166645,181,0,300.975,0.5305531,-50.59433
296,3.0166645,181,0,168.37045,0.51321983,-50.73478
297,1.2166662,73,0,10.403293,0.51919806,-50.89339
298,3.0166645,181,0,9.45074,0.5159416,-50.77912
299,3.0166645,181,0,325.99524,0.51761967,-50.732407
300,3.0166645,181,0,249.39879,0.5218402,-50.79777
301,3.0166645,181,0,173.1381,0.5304244,-51.276722
302,3.0166645,181,0,264.79874,0.52974004,-51.089523
303,3.0166645,181,0,207.36784,0.5444486,-51.16519
304,3.0166645,181,0,227.51904,0.5464597,-51.31902
305,0.45000017,27,0,1.3998471,0.533124,-51.525223
306,2.3833318,143,0,27.919691,0.57123435,-51.23853
307,3.0166645,181,0,306.44205,0.556054,-51.45319
308,3.0166645,181,0,304.55157,0.5681011,-51.49493
309,0.6666667,40,0,5.097457,0.5698505,-51.718636
310,3.0166645,181,0,4.335658,0.5727994,-51.886948
311,3.0166645,181,0,243.87527,0.5740471,-51.858906
312,1.4333327,86,0,2.4699717,0.57437694,-51.793736
313,3.0166645,181,0,48.296318,0.5721339,-52.02677
314,0.45000017,27,0,0.63468236,0.561153,-51.816906
315,1.3499994,81,0,9.850185,0.59684277,-52.157116
316,3.0166645,181,0,256.3438,0.59587497,-52.22309
317,3.0166645,181,0,252.29034,0.5867394,-52.274887
318,1.1999996,72,0,7.967293,0.58899283,-52.199196
319,0.8666665,52,0,1.0870725,0.61881894,-52.392044
320,3.0166645,181,0,289.33755,0.6035615,-52.34794
321,3.0166645,181,0,339.16025,0.6171627,-52.33093
322,2.466665,148,0,9.372222,0.6260105,-52.68393
323,1.3999994,84,0,9.76488,0.61245275,-52.63725
324,3.0166645,181,0,197.27951,0.6089214,-52.3133
325,3.0166645,181,0,83.91379,0.6088371,-52.377502
326,1.9833322,119,0,3.0412521,0.61317873,-52.3698
327,3.0166645,181,0,102.10251,0.60728043,-52.5667
328,3.0166645,181,0,130.70352,0.61882883,-52.481968
329,3.0166645,181,0,36.997463,0.6157887,-52.65404
330,3.0166645,181,0,206.34274,0.6286252,-52.793213
331,0.6666667,40,0,5.071856,0.6050087,-52.78074
332,0.7666666,46,0,8.823924,0.6169142,-52.66399
333,3.0166645,181,0,205.08035,0.60936594,-52.828888
334,3.0166645,181,0,189.0325,0.6114974,-52.66269
335,3.0166645,181,0,202.90291,0.614563,-52.59191
336,3.0166645,181,0,185.972,0.62261134,-52.787262
337,3.0166645,181,0,54.882256,0.63008475,-52.99724
338,3.0166645,181,0,166.60048,0.61388016,-52.740402
339,1.2833328,77,0,1.1594402,0.64906967,-52.670155
340,0.6666667,40,0,1.60317,0.62685084,-52.527046
341,3.0166645,181,0,195.48045,0.62325567,-52.71647
342,3.0166645,181,0,13.834524,0.6240886,-53.019363
343,3.0166645,181,0,216.8789,0.63504845,-52.87273
344,0.8333332,50,0,0.9338541,0.66349465,-53.015865
345,3.0166645,181,0,169.3928,0.638108,-52.85206
346,2.4333317,146,0,65.90814,0.6647313,-53.03584
347,1.8999989,114,0,7.09391,0.6585849,-52.810635
348,3.0166645,181,0,146.73225,0.65083784,-52.86274
349,2.2833319,137,0,1.3093829,0.6705678,-52.886284
350,0.68333334,41,0,0.27562913,0.63900405,-52.500725
351,3.0166645,181,0,209.93779,0.6513953,-53.123398
352,2.083332,125,0,4.4374576,0.6418621,-53.35998
353,3.0166645,181,0,306.9571,0.64818686,-53.158455
354,3.0166645,181,0,163.74826,0.6596229,-53.140938
355,3.0166645,181,0,172.48341,0.64104456,-53.312412
356,1.9666655,118,0,25.258148,0.63845533,-53.408978
357,3.0166645,181,0,164.72824,0.6502316,-53.449078
358,1.0999997,66,0,2.8430645,0.6449698,-53.39238
359,2.133332,128,0,2.2510886,0.6441882,-53.375805
360,3.0166645,181,0,253.5237,0.65684426,-53.410183
361,1.6499991,99,0,1.8160827,0.6720721,-53.670017
362,1.8166656,109,0,1.6313608,0.65150803,-53.386
363,3.0166645,181,0,223.38051,0.6689526,-53.55923
364,3.0166645,181,0,255.86708,0.6734082,-53.72246
365,1.1999996,72,0,2.8024783,0.6711003,-53.687912
366,3.0166645,181,0,213.53433,0.68058574,-53.787807
367,3.0166645,181,0,296.14,0.6674213,-54.10217
368,2.5333316,152,0,19.943357,0.68486196,-53.86444
369,3.0166645,181,0,290.21133,0.67917615,-54.19605
370,3.0166645,181,0,213.87332,0.6842857,-54.253242
371,3.0166645,181,0,336.4678,0.6789258,-54.497715
372,3.0166645,181,0,239.62831,0.7052624,-54.486748
373,2.6666648,160,0,88.175064,0.6796621,-54.65259
374,2.9666646,178,0,52.050995,0.69060725,-54.557327
375,3.0166645,181,0,263.30066,0.68724626,-54.693
376,2.416665,145,0,3.5717344,0.67766035,-54.58703
377,3.0166645,181,0,237.77948,0.6857178,-54.798916
378,3.0166645,181,0,264.65277,0.68394536,-54.9061
379,3.0166645,181,0,279.9078,0.7279388,-55.115402
380,3.0166645,181,0,198.24948,0.6971849,-55.364285
381,1.5499992,93,0,2.9827864,0.7049365,-55.564266
382,3.0166645,181,0,250.31125,0.70644146,-55.489807
383,3.0166645,181,0,201.92686,0.713831,-55.55457
384,3.0166645,181,0,261.33017,0.71545446,-55.76154
385,3.0166645,181,0,244.91344,0.69073343,-55.886696
386,3.0166645,181,0,213.78935,0.7066035,-55.83372
387,0.84999985,51,0,1.039634,0.6953763,-55.89909
388,3.0166645,181,0,274.82486,0.70178276,-56.03376
389,2.9999979,180,0,103.45068,0.7058144,-56.24611
390,3.0166645,181,0,287.1466,0.69739676,-55.994156
391,2.133332,128,0,15.051174,0.68166983,-56.12094
392,3.0166645,181,0,182.66093,0.6860267,-56.31445
393,3.0166645,181,0,190.76149,0.6846114,-56.305958
394,3.0166645,181,0,224.10754,0.6788598,-56.302364
395,3.0166645,181,0,181.82288,0.683796,-56.439804
396,3.0166645,181,0,232.82716,0.6687523,-56.46217
397,3.0166645,181,0,183.44243,0.66789484,-56.586903
398,0.7333333,44,0,1.4190495,0.6666303,-55.85436
399,3.0166645,181,0,87.06398,0.66175556,-56.524803
400,3.0166645,181,0,207.21213,0.6691788,-56.51857
401,3.0166645,181,0,150.61102,0.6677954,-56.533985
402,3.0166645,181,0,93.92626,0.67627335,-56.529335
403,3.0166645,181,0,192.07845,0.67286927,-56.49024
404,3.0166645,181,0,295.7517,0.68722326,-56.683693
405,3.0166645,181,0,121.58576,0.6524463,-56.54753
406,3.0166645,181,0,177.91493,0.67895967,-56.711056
407,3.0166645,181,0,294.87656,0.6634669,-56.616264
408,0.8999998,54,0,0.9567769,0.68032783,-56.837666
409,3.0166645,181,0,153.08038,0.6621931,-56.546917
410,0.9999997,60,0,12.856337,0.6794753,-57.068897
411,2.466665,148,0,1.2073752,0.6848735,-56.644577
412,3.0166645,181,0,29.918003,0.670587,-56.429462
413,1.2833328,77,0,0.9733782,0.6654335,-56.4356
414,3.0166645,181,0,219.30208,0.6875839,-56.422253
415,3.0166645,181,0,270.1767,0.6755832,-56.58731
416,3.0166645,181,0,284.04776,0.679791,-56.373722
417,3.0166645,181,0,105.56579,0.6849304,-56.599827
418,3.0166645,181,0,143.76985,0.68846554,-56.449116
419,3.0166645,181,0,262.0951,0.7166333,-56.744335
420,1.9666655,118,0,7.9002624,0.6931335,-56.39213
421,3.0166645,181,0,244.50803,0.6903925,-56.23413
422,3.0166645,181,0,240.10481,0.6802507,-56.38206
423,3.0166645,181,0,180.83868,0.6933234,-56.38081
424,0.7666666,46,0,3.366595,0.723224,-56.598305
425,3.0166645,181,0,113.76517,0.6884197,-56.553467
426,3.0166645,181,0,200.99347,0.689354,-56.44319
427,0.8999998,54,0,1.1065943,0.72677857,-56.7131
428,3.0166645,181,0,46.452213,0.7068327,-56.593075
429,1.849999,111,0,2.8751419,0.718179,-56.587223
430,3.0166645,181,0,279.6436,0.7260581,-56.36194
431,3.0166645,181,0,240.32869,0.71688783,-56.30881
432,3.0166645,181,0,212.15196,0.71566,-56.554977
433,3.0166645,181,0,272.50116,0.7195942,-56.506153
434,3.0166645,181,0,236.86015,0.7343063,-56.536602
435,1.5666659,94,0,2.3137417,0.6834639,-56.744274
436,3.0166645,181,0,215.81743,0.71988094,-56.69534
437,3.0166645,181,0,159.08162,0.71450377,-56.80629
438,1.5333326,92,0,2.2982013,0.7074683,-56.400967
439,3.0166645,181,0,170.69383,0.7102481,-56.760765
440,0.71666664,43,0,0.65057445,0.7006286,-56.638027
441,1.1833329,71,0,14.639185,0.6973751,-57.053154
442,3.0166645,181,0,172.9073,0.71954864,-56.93289
443,3.0166645,181,0,227.54675,0.7201827,-56.94883
444,2.4999983,150,0,15.908105,0.72051716,-57.037155
445,1.1999996,72,0,2.5506885,0.7226432,-56.829422
446,3.0166645,181,0,245.75446,0.7246289,-56.902405
447,3.0166645,181,0,285.24252,0.7269683,-56.94078
448,0.91666645,55,0,1.7226865,0.7222398,-57.155895
449,3.0166645,181,0,217.73122,0.7168192,-57.145683
450,0.9999997,60,0,1.5019186,0.747912,-57.00244
451,1.0999997,66,0,2.1917505,0.7095445,-57.11091
452,3.0166645,181,0,196.5882,0.74501646,-57.133957
453,1.4333327,86,0,5.2147303,0.7364451,-56.917294
454,3.0166645,181,0,265.1418,0.73159766,-57.157417
455,3.0166645,181,0,140.91495,0.7406228,-57.453403
456,3.0166645,181,0,79.55383,0.7476465,-57.38418
457,3.0166645,181,0,169.57872,0.7432817,-57.394966
458,0.4333335,26,0,0.901338,0.7418429,-57.49245
459,3.0166645,181,0,221.3662,0.762141,-57.309624
460,3.0166645,181,0,166.93611,0.761279,-57.65597
461,2.183332,131,0,2.0095863,0.7850507,-57.769554
462,3.0166645,181,0,73.06974,0.76899266,-57.442635
463,3.0166645,181,0,149.63063,0.7795402,-57.511024
464,3.0166645,181,0,42.89987,0.78280604,-57.652252
465,1.1166663,67,0,3.1686625,0.79123443,-57.583347
466,3.0166645,181,0,97.16008,0.7751542,-57.549763
467,3.0166645,181,0,151.72464,0.79950786,-57.63526
468,3.0166645,181,0,242.21759,0.800637,-57.60395
469,3.0166645,181,0,221.85555,0.7946534,-57.679066
470,3.0166645,181,0,237.49213,0.7891822,-57.77777
471,0.55000013,33,0,0.8039072,0.8097735,-57.892128
472,1.6999991,102,0,1.2799655,0.8071495,-57.79133
473,3.0166645,181,0,204.77028,0.8080232,-58.04258
474,3.0166645,181,0,160.31697,0.81478107,-58.12491
475,3.0166645,181,0,76.28351,0.8232245,-58.0661
476,1.0666664,64,0,0.61512494,0.798181,-57.963646
477,3.0166645,181,0,300.047,0.8286731,-58.02029
478,3.0166645,181,0,359.02676,0.80939674,-58.115852
479,1.0666664,64,0,1.3034624,0.8385949,-58.49846
480,0.7666666,46,0,2.9901295,0.78630674,-58.19485
481,1.6666658,100,0,11.950589,0.823788,-58.033367
482,3.0166645,181,0,213.68578,0.8234385,-58.072964
483,0.88333315,53,0,2.888442,0.81701523,-58.263546
484,0.8666665,52,0,5.4861255,0.86507326,-58.099228
485,3.0166645,181,0,326.30997,0.8323533,-58.371994
486,3.0166645,181,0,280.69876,0.83291924,-58.40666
487,3.0166645,181,0,356.21558,0.8446623,-58.493034
488,2.3999984,144,0,11.606444,0.8504057,-58.462875
489,3.0166645,181,0,323.25485,0.8480707,-58.462257
490,3.0166645,181,0,321.83304,0.85607123,-58.62552
491,3.0166645,181,0,328.6454,0.856432,-58.64892
492,3.0166645,181,0,293.03076,0.8651932,-58.78406
493,3.0166645,181,0,332.52426,0.86223274,-58.80856
494,3.0166645,181,0,184.66017,0.8641436,-58.976955
495,2.566665,154,0,5.0161877,0.8669582,-59.086124
496,3.0166645,181,0,218.81662,0.8711119,-58.969704
497,0.45000017,27,0,0.46498433,0.8650538,-59.45095
498,3.0166645,181,0,281.66568,0.880551,-59.077057
499,3.0166645,181,0,360.5592,0.8765517,-59.374657
500,3.0166645,181,0,280.2391,0.8836622,-59.325737
501,3.0166645,181,0,103.17271,0.8908555,-59.460495
502,3.0166645,181,0,29.570578,0.8969169,-59.533657
503,3.0166645,181,0,291.3479,0.8850932,-59.42338
504,3.0166645,181,0,206.33931,0.89768034,-59.524895
505,0.7666666,46,0,1.271239,0.9036224,-60.039993
506,2.6666648,160,0,90.021095,0.92575336,-59.603165
507,3.0166645,181,0,253.52376,0.893798,-59.578808
508,2.1666653,130,0,1.5842688,0.8966949,-59.930145
509,3.0166645,181,0,340.1058,0.88203496,-59.78286
510,3.0166645,181,0,278.66006,0.88584083,-59.89641
511,3.0166645,181,0,178.80544,0.89750654,-59.9572
512,2.3833318,143,0,55.74715,0.87716323,-60.09021
513,3.0166645,181,0,111.87068,0.8748752,-59.994102
514,3.0166645,181,0,275.21573,0.8713779,-60.111584
515,3.0166645,181,0,128.86906,0.87409794,-60.099606
516,3.0166645,181,0,63.952263,0.8665974,-60.126472
517,3.0166645,181,0,141.88069,0.86660194,-59.986095
518,3.0166645,181,0,245.08734,0.85905635,-60.049133
519,3.0166645,181,0,71.07702,0.8933344,-60.205788
520,2.133332,128,0,1.677332,0.87556815,-60.175858
521,3.0166645,181,0,308.24686,0.8722552,-60.24689
522,3.0166645,181,0,252.54668,0.86988455,-60.195274
523,3.0166645,181,0,173.40971,0.84875107,-60.31674
524,3.0166645,181,0,85.998184,0.86805505,-60.307148
525,3.0166645,181,0,142.81805,0.86513555,-60.22427
526,0.5333335,32,0,3.870563,0.8142472,-59.904617
527,2.949998,177,0,170.88673,0.86144567,-60.121033
528,3.0166645,181,0,85.25074,0.8512619,-60.091354
529,3.0166645,181,0,295.23935,0.8683574,-60.200817
530,3.0166645,181,0,250.7736,0.8691709,-60.061676
531,3.0166645,181,0,249.20326,0.8788384,-60.414356
532,3.0166645,181,0,250.32916,0.86344546,-60.144264
533,1.2833328,77,0,1.4638451,0.8898013,-60.456978
534,3.0166645,181,0,255.98473,0.8731059,-60.336327
535,0.8666665,52,0,3.5976248,0.8897253,-60.302826
536,3.0166645,181,0,197.66316,0.8748266,-60.37111
537,1.1166663,67,0,2.7618554,0.87895906,-60.058105
538,1.1666663,70,0,3.8893108,0.8715328,-59.918816
539,2.5999982,156,0,8.380792,0.8916421,-60.08517
540,3.0166645,181,0,182.49194,0.867565,-60.348595
541,0.7666666,46,0,0.6100164,0.9147807,-60.109158
542,3.0166645,181,0,318.4058,0.9049223,-60.378574
543,3.0166645,181,0,294.83917,0.8923459,-60.179623
544,0.8666665,52,0,4.956174,0.87625533,-60.283047
545,3.0166645,181,0,200.66183,0.8946747,-60.60069
546,3.0166645,181,0,170.36404,0.9270309,-60.667313
547,3.0166645,181,0,214.43695,0.91561985,-60.379513
548,3.0166645,181,0,216.70244,0.90354306,-60.686485
549,3.0166645,181,0,246.7744,0.94580084,-60.73855
550,3.0166645,181,0,254.4508,0.9293359,-60.832275
551,3.0166645,181,0,244.99548,0.9213794,-60.899185
552,3.0166645,181,0,262.1375,0.9283533,-60.908035
553,0.5166668,31,0,3.0988157,0.9408752,-61.2932
554,2.1666653,130,0,9.707347,0.923572,-60.797333
555,3.0166645,181,0,303.15094,0.9536751,-61.05436
556,0.45000017,27,0,1.7021991,0.9564682,-61.881508
557,3.0166645,181,0,245.34424,0.9573493,-61.284157
558,3.0166645,181,0,247.00803,0.9551949,-61.218952
559,0.71666664,43,0,1.1272967,0.95799184,-61.383556
560,0.68333334,41,0,2.633037,0.94754,-61.635185
561,0.68333334,41,0,0.7154472,0.9790106,-61.276047
562,0.68333334,41,0,1.3875192,0.9514802,-61.372395
563,0.7,42,0,1.3962576,0.97918445,-61.355152
564,3.0166645,181,0,240.57278,0.9854227,-61.334152
565,0.7333333,44,0,4.2145076,0.96926534,-61.670544
566,1.7333324,104,0,6.827527,0.9713379,-61.70898
567,1.5333326,92,0,50.401405,0.95314,-61.557037
568,0.45000017,27,0,3.1393871,0.99319756,-61.814507
569,3.0166645,181,0,250.81874,0.9698288,-61.67014
570,3.0166645,181,0,132.24396,0.99509394,-61.748875
571,3.0166645,181,0,248.54675,1.0189826,-61.804714
572,3.0166645,181,0,172.64418,1.0143803,-61.924744
573,3.0166645,181,0,126.67296,1.0102274,-62.01396
574,0.5000002,30,0,0.68935925,1.0716963,-62.122772
575,3.0166645,181,0,216.12762,1.0110532,-62.120422
576,3.0166645,181,0,257.90204,1.0031445,-62.14603
577,3.0166645,181,0,202.40395,1.0297073,-62.27347
578,3.0166645,181,0,247.30246,1.0321828,-62.211647
579,3.0166645,181,0,226.72467,1.0160145,-62.275654
580,3.0166645,181,0,181.94557,1.0161518,-62.48599
581,3.0166645,181,0,131.23167,1.0010805,-62.371765
582,2.133332,128,0,8.2986,1.0077659,-62.473766
583,0.78333324,47,0,0.69973046,1.0088733,-62.35412
584,3.0166645,181,0,198.59354,1.0051675,-62.333233
585,1.5833325,95,0,57.157845,0.99588203,-62.459583
586,1.1999996,72,0,5.740588,1.0095557,-62.306145
587,1.2666662,76,0,5.6449404,0.998906,-62.553505
588,1.8666656,112,0,13.449543,0.9919816,-62.529034
589,1.0166664,61,0,2.5113046,0.98785937,-62.179485
590,0.7333333,44,0,3.7551045,0.9601373,-62.35478
591,3.0166645,181,0,213.71411,0.9940011,-62.184303
592,1.8999989,114,0,79.34643,0.98107356,-62.21286
593,0.65000004,39,0,2.3396177,0.9867127,-62.62285
594,3.0166645,181,0,189.24469,0.9783619,-62.211216
595,1.5166659,91,0,0.85722226,0.9737752,-62.30977
596,1.2833328,77,0,37.795498,0.9863179,-62.095787
597,1.4499993,87,0,3.9383063,0.9694079,-62.183334
598,0.8666665,52,0,14.7502365,0.9928153,-61.845367
599,0.9666664,58,0,12.299071,0.9606024,-62.088142
600,0.6666667,40,0,2.1022956,0.96007437,-62.087696
601,3.0166645,181,0,165.77287,0.968297,-62.020714
602,0.5333335,32,0,1.2516692,0.98183364,-61.581142
603,0.7666666,46,0,6.2117314,0.93368036,-61.97527
604,0.84999985,51,0,16.471352,0.958156,-61.78621
605,0.68333334,41,0,1.5352097,0.923853,-61.75787
606,3.0166645,181,0,176.63837,0.93418723,-61.777977
607,3.0166645,181,0,161.36165,0.9339546,-61.882065
608,0.6000001,36,0,2.0815117,0.9207946,-61.958797
609,1.2166662,73,0,34.479523,0.90840644,-61.69509
610,3.0166645,181,0,161.45505,0.90818447,-61.61082
611,3.0166645,181,0,173.88594,0.9011204,-61.44176
612,0.7999999,48,0,5.5449934,0.9246229,-61.550724
613,3.0166645,181,0,170.61957,0.9055053,-61.487816
614,3.0166645,181,0,201.1793,0.86867017,-61.169376
615,0.7666666,46,0,4.1318097,0.876346,-61.316628
616,1.1499996,69,0,28.391273,0.8710188,-60.945354
617,1.6166658,97,0,3.9336553,0.9012193,-60.992355
618,3.0166645,181,0,290.36215,0.8768099,-60.985626
619,3.0166645,181,0,168.60925,0.8765564,-60.85037
620,3.0166645,181,0,238.66371,0.8635573,-60.73129
621,0.7,42,0,0.8985823,0.85511124,-60.569386
622,1.0999997,66,0,1.6921129,0.83916205,-60.715492
623,0.7333333,44,0,1.8511618,0.8581472,-60.72204
624,3.0166645,181,0,227.67476,0.86854917,-60.743633
625,3.0166645,181,0,240.14023,0.8585853,-60.405106
626,2.5999982,156,0,243.52045,0.8454023,-60.462784
627,0.5166668,31,0,0.50915,0.8201017,-60.673164
628,2.133332,128,0,22.648462,0.84109557,-60.298027
629,3.0166645,181,0,245.86841,0.8304461,-60.20694
630,0.5166668,31,0,0.8833554,0.8581046,-60.722775
631,1.2833328,77,0,1.6234101,0.85490876,-59.984016
632,3.0166645,181,0,208.02692,0.8428582,-60.013966
633,2.6666648,160,0,229.0045,0.81049407,-60.029728
634,0.8999998,54,0,25.991808,0.8227309,-59.502434
635,0.7333333,44,0,6.359081,0.8384576,-59.8936
636,3.0166645,181,0,258.78455,0.82152313,-59.839806
637,3.0166645,181,0,227.29172,0.81697124,-59.64182
638,3.0166645,181,0,153.21158,0.83148134,-59.573635
639,0.91666645,55,0,18.205557,0.80930513,-59.686687
640,3.0166645,181,0,203.36546,0.81612086,-59.424484
641,1.133333,68,0,4.8431826,0.81169194,-59.32653
642,0.74999994,45,0,3.676982,0.80139506,-58.844456
643,3.0166645,181,0,252.5124,0.8197018,-59.178154
644,3.0166645,181,0,253.80879,0.8210921,-58.94574
645,3.0166645,181,0,210.07242,0.80912787,-58.91702
646,3.0166645,181,0,317.2824,0.7968007,-58.804688
647,2.0999987,126,0,0.63777834,0.7994408,-58.803192
648,1.3833327,83,0,18.565172,0.7958389,-58.691925
649,0.8666665,52,0,0.8232958,0.7657428,-58.637558
650,2.9333313,176,0,49.311676,0.8064653,-58.37698
651,3.0166645,181,0,252.82265,0.7862557,-58.460392
652,3.0166645,181,0,269.69327,0.7886204,-58.169582
653,1.2333329,74,0,10.571642,0.8275384,-58.35652
654,3.0166645,181,0,268.81866,0.79673237,-58.1114
655,3.0166645,181,0,243.2311,0.7834298,-57.943947
656,3.0166645,181,0,251.14029,0.7893722,-57.852528
657,2.0166655,121,0,108.092224,0.7808942,-57.789677
658,3.0166645,181,0,241.34174,0.7964856,-57.570515
659,3.0166645,181,0,211.09875,0.7987616,-57.561184
660,2.7833314,167,0,164.69267,0.78387415,-57.443348
661,3.0166645,181,0,292.43677,0.78621966,-57.414852
662,3.0166645,181,0,214.44293,0.7924261,-57.17455
663,3.0166645,181,0,271.29465,0.78647035,-57.15336
664,1.4999993,90,0,23.886581,0.78596437,-56.96606
665,3.0166645,181,0,267.1973,0.78913665,-57.121845
666,3.0166645,181,0,265.58832,0.7919845,-56.795494
667,3.0166645,181,0,274.4999,0.7697714,-57.000366
668,3.0166645,181,0,254.21568,0.79896134,-56.807095
669,0.6000001,36,0,0.51841635,0.78865314,-56.656387
670,3.0166645,181,0,201.71967,0.78675985,-56.715614
671,3.0166645,181,0,237.92233,0.8021987,-56.89539
672,3.0166645,181,0,321.7737,0.8035383,-56.563126
673,3.0166645,181,0,188.44916,0.7960413,-56.633358
674,3.0166645,181,0,257.95074,0.80135375,-56.636284
675,1.8666656,112,0,36.20947,0.7993264,-56.664803
676,3.0166645,181,0,242.35722,0.8109621,-56.49625
677,3.0166645,181,0,228.7695,0.7915866,-56.567722
678,0.61666673,37,0,1.1474074,0.788053,-56.589592
679,1.749999,105,0,8.308364,0.8093046,-56.573353
680,3.0166645,181,0,85.85023,0.8043928,-56.319096
681,3.0166645,181,0,198.53177,0.8169767,-56.433464
682,3.0166645,181,0,161.08012,0.8161724,-56.099407
683,3.0166645,181,0,242.28288,0.8124157,-56.295666
684,0.6000001,36,0,1.1391087,0.8251252,-56.456825
685,3.0166645,181,0,264.27747,0.82231957,-56.22229
686,3.0166645,181,0,246.46588,0.82288206,-56.33962
687,3.0166645,181,0,300.71194,0.8268933,-56.445652
688,3.0166645,181,0,284.05725,0.83265394,-56.58444
689,3.0166645,181,0,230.96732,0.82897174,-56.36218
690,3.0166645,181,0,221.47685,0.8355452,-56.25596
691,3.0166645,181,0,263.7435,0.8349445,-56.3614
692,3.0166645,181,0,239.00072,0.83722895,-56.157173
693,3.0166645,181,0,177.46979,0.8515137,-56.27594
694,0.7,42,0,2.084138,0.8139224,-56.31495
695,3.0166645,181,0,242.37776,0.84230596,-56.41427
696,3.0166645,181,0,245.96574,0.82595533,-56.35363
697,3.0166645,181,0,224.65361,0.8262957,-56.24848
698,3.0166645,181,0,234.1957,0.8376249,-56.472393
699,3.0166645,181,0,265.0163,0.804455,-56.368713
700,3.0166645,181,0,292.4025,0.82003254,-56.229973
701,0.61666673,37,0,2.6821156,0.822457,-56.494267
702,3.0166645,181,0,267.4551,0.8201439,-56.412174
703,3.0166645,181,0,258.44333,0.8310523,-56.422703
704,3.0166645,181,0,229.93834,0.81981236,-56.44351
705,3.0166645,181,0,296.60016,0.8250818,-56.129417
706,3.0166645,181,0,59.62369,0.7990556,-56.139126
707,3.0166645,181,0,243.62811,0.81879944,-56.332916
708,3.0166645,181,0,237.43338,0.8112215,-56.317596
709,3.0166645,181,0,270.63568,0.7860301,-56.36918
710,3.0166645,181,0,236.52533,0.8045145,-56.363953
711,3.0166645,181,0,219.80809,0.81432885,-56.55488
712,3.0166645,181,0,265.38043,0.79414105,-56.416267
713,2.3999984,144,0,58.597878,0.78795326,-56.249477
714,3.0166645,181,0,227.80437,0.79931974,-56.32076
715,3.0166645,181,0,141.2988,0.7925601,-56.21146
716,3.0166645,181,0,168.77625,0.796265,-55.99943
717,3.0166645,181,0,250.38573,0.7869092,-56.191956
718,3.0166645,181,0,240.17963,0.7881386,-56.07725
719,3.0166645,181,0,213.28714,0.7936833,-56.286373
720,3.0166645,181,0,221.60486,0.76357543,-56.05089
721,3.0166645,181,0,214.8189,0.7667048,-56.09915
722,3.0166645,181,0,233.4719,0.7703075,-56.156666
723,3.0166645,181,0,231.42746,0.7726558,-56.074493
724,3.0166645,181,0,214.03017,0.7727304,-55.961918
725,3.0166645,181,0,183.31305,0.77897155,-56.092888
726,3.0166645,181,0,233.80426,0.75457704,-56.100876
727,3.0166645,181,0,295.70605,0.75907516,-56.002487
728,3.0166645,181,0,187.4161,0.763277,-55.95859
729,3.0166645,181,0,213.15392,0.76596826,-56.069565
730,3.0166645,181,0,174.95753,0.76560575,-56.162174
731,0.74999994,45,0,3.0255818,0.78740996,-56.118702
732,3.0166645,181,0,195.42686,0.7468864,-56.02394
733,2.1499987,129,0,0.78508496,0.76575506,-56.09862
734,3.0166645,181,0,145.38527,0.7553649,-55.941315
735,0.78333324,47,0,3.0936837,0.77738374,-55.79121
736,3.0166645,181,0,176.9775,0.7663466,-55.902233
737,3.0166645,181,0,244.04582,0.78257895,-56.036613
738,3.0166645,181,0,277.0014,0.764995,-56.02108
739,3.0166645,181,0,101.34635,0.7796326,-56.154007
740,3.0166645,181,0,240.7446,0.7913352,-55.999264
741,0.8999998,54,0,3.2461262,0.8016605,-55.856247
742,3.0166645,181,0,149.29051,0.78546005,-56.036568
743,0.6000001,36,0,2.173955,0.76966524,-56.000896
744,3.0166645,181,0,185.69012,0.8165285,-55.84886
745,3.0166645,181,0,243.31757,0.7973891,-55.996223
746,3.0166645,181,0,322.17392,0.8129098,-55.97649
747,3.0166645,181,0,276.88596,0.83037424,-56.22604
748,3.0166645,181,0,262.97662,0.809845,-56.297127
749,3.0166645,181,0,316.31592,0.7972485,-56.230698
750,3.0166645,181,0,256.19952,0.8011467,-56.20067
751,3.0166645,181,0,144.58395,0.78853875,-56.051083
752,3.0166645,181,0,211.46405,0.7959585,-56.185574
753,3.0166645,181,0,258.01224,0.80173796,-56.43668
754,3.0166645,181,0,250.57431,0.8128288,-56.383636
755,2.8833313,173,0,9.394367,0.79682386,-56.593575
756,3.0166645,181,0,250.85735,0.7992248,-56.466885
757,3.0166645,181,0,288.95627,0.80904007,-56.34028
758,3.0166645,181,0,255.87325,0.82173496,-56.696697
759,3.0166645,181,0,268.6101,0.8275204,-56.898182
760,3.0166645,181,0,291.37238,0.8118821,-56.67948
761,3.0166645,181,0,304.1552,0.80061704,-56.781906
762,3.0166645,181,0,319.30814,0.82785475,-56.92529
763,1.4999993,90,0,9.154103,0.8099092,-56.91952
764,3.0166645,181,0,319.2866,0.81528705,-57.028664
765,3.0166645,181,0,227.74352,0.8093436,-57.20967
766,3.0166645,181,0,262.7927,0.8066678,-57.221657
767,3.0166645,181,0,245.00056,0.7891561,-57.275997
768,3.0166645,181,0,312.26413,0.8150256,-57.540344
769,3.0166645,181,0,181.2438,0.8086597,-57.65294
770,3.0166645,181,0,281.9112,0.8069571,-57.563435
771,3.0166645,181,0,288.06094,0.8215509,-57.88101
772,3.0166645,181,0,204.47415,0.80736876,-57.828407
773,3.0166645,181,0,221.40184,0.81303066,-57.733967
774,3.0166645,181,0,300.6635,0.80812967,-57.8297
775,3.0166645,181,0,255.65915,0.8058408,-58.098637
776,3.0166645,181,0,1.1201451,0.8228889,-58.01805
777,3.0166645,181,0,330.35403,0.80489475,-57.96899
778,3.0166645,181,0,252.94383,0.8078717,-58.122704
779,3.0166645,181,0,280.8759,0.80278194,-58.00445
780,3.0166645,181,0,246.71527,0.8197432,-58.262455
781,3.0166645,181,0,203.79062,0.80977803,-58.216084
782,3.0166645,181,0,234.57428,0.81117225,-58.22149
783,3.0166645,181,0,323.88568,0.8106039,-58.515007
784,3.0166645,181,0,257.05756,0.82642454,-58.453304
785,3.0166645,181,0,162.11807,0.7981565,-58.603874
786,3.0166645,181,0,139.33733,0.80598694,-58.565277
787,3.0166645,181,0,190.03427,0.80363524,-58.79537
788,3.0166645,181,0,204.89192,0.8029898,-58.62735
789,3.0166645,181,0,183.05826,0.8280181,-58.802776
790,3.0166645,181,0,200.45284,0.8159611,-58.753006
791,3.0166645,181,0,210.25334,0.8070667,-58.556007
792,3.0166645,181,0,265.45892,0.77606857,-58.856964
793,3.0166645,181,0,246.82854,0.7991504,-58.97785
794,3.0166645,181,0,166.71655,0.79866457,-58.954212
795,3.0166645,181,0,103.687675,0.79106414,-58.993477
796,3.0166645,181,0,234.02231,0.7811979,-58.835236
797,3.0166645,181,0,184.33005,0.7864481,-58.93428
798,3.0166645,181,0,263.1133,0.7813603,-58.97871
799,3.0166645,181,0,253.96484,0.77472425,-59.134377
800,0.55000013,33,0,1.0898212,0.77004594,-58.807846
801,3.0166645,181,0,220.24222,0.785353,-59.16469
802,3.0166645,181,0,250.72961,0.7753803,-59.01002
803,3.0166645,181,0,277.65833,0.7708257,-58.968544
804,3.0166645,181,0,266.64066,0.7786003,-59.128796
805,3.0166645,181,0,115.88372,0.7766436,-59.024063
806,3.0166645,181,0,174.39912,0.78660184,-59.04618
807,3.0166645,181,0,197.71327,0.77908885,-58.989956
808,3.0166645,181,0,203.63248,0.7712107,-59.13142
809,3.0166645,181,0,217.94788,0.7837706,-59.160767
810,3.0166645,181,0,217.91739,0.78220946,-59.145035
811,3.0166645,181,0,228.71236,0.78195226,-59.059193
812,3.0166645,181,0,200.13184,0.7886323,-59.191853
813,3.0166645,181,0,319.818,0.78480726,-58.923447
814,3.0166645,181,0,204.9729,0.7853177,-59.146843
815,3.0166645,181,0,188.1202,0.8011076,-59.359417
816,3.0166645,181,0,221.02853,0.77662736,-59.2075
817,3.0166645,181,0,227.15778,0.77834445,-59.311653
818,3.0166645,181,0,233.28862,0.7920268,-59.3438
819,3.0166645,181,0,247.40689,0.8131801,-59.405956
820,3.0166645,181,0,203.49844,0.8075895,-59.43379
821,3.0166645,181,0,185.8612,0.7924841,-59.55093
822,1.5333326,92,0,2.1337588,0.80427706,-59.650326
823,3.0166645,181,0,227.04845,0.8083403,-59.594025
824,3.0166645,181,0,231.2866,0.81192416,-59.68652
825,3.0166645,181,0,6.927479,0.8142768,-59.478336
826,3.0166645,181,0,290.44608,0.8175636,-59.64586
827,3.0166645,181,0,196.50757,0.80493367,-59.46578
828,3.0166645,181,0,278.20016,0.8124538,-59.564682
829,3.0166645,181,0,1.4924346,0.8074611,-59.792686
830,3.0166645,181,0,294.50638,0.81590587,-59.811817
831,3.0166645,181,0,292.5939,0.7955865,-59.9437
832,3.0166645,181,0,271.8489,0.80852497,-59.980724
833,3.0166645,181,0,307.86798,0.80221915,-60.11696
834,3.0166645,181,0,263.55527,0.8086051,-60.085655
835,3.0166645,181,0,242.60889,0.80076545,-60.166245
836,3.0166645,181,0,281.2801,0.8318117,-60.430477
837,3.0166645,181,0,337.05408,0.831025,-60.204376
838,3.0166645,181,0,253.35785,0.82793295,-60.34512
839,3.0166645,181,0,280.2554,0.83880967,-60.51962
840,2.3166652,139,0,2.332835,0.8502097,-60.663223
841,3.0166645,181,0,273.51172,0.8356095,-60.63043
842,3.0166645,181,0,282.56158,0.84777415,-60.875633
843,3.0166645,181,0,217.61885,0.8741236,-60.883286
844,3.0166645,181,0,234.47452,0.8749142,-61.146145
845,2.0666654,124,0,5.4932,0.8732846,-61.012596
846,1.0166664,61,0,5.521071,0.8734041,-61.34369
847,3.0166645,181,0,324.03152,0.8585252,-61.28196
848,3.0166645,181,0,294.03052,0.87224525,-61.247505
849,3.0166645,181,0,245.97168,0.85113883,-61.315235
850,3.0166645,181,0,278.22263,0.87821585,-61.342342
851,0.6000001,36,0,3.8528323,0.86108434,-60.76242
852,3.0166645,181,0,322.96124,0.85480666,-61.42804
853,3.0166645,181,0,302.21408,0.86458325,-61.40474
854,0.61666673,37,0,6.1915035,0.8663116,-61.267544
855,3.0166645,181,0,303.54883,0.86782783,-61.720333
856,0.5666668,34,0,3.081252,0.91008455,-61.725887
857,3.0166645,181,0,242.17271,0.86775386,-61.727093
858,3.0166645,181,0,174.05418,0.8657674,-61.731316
859,3.0166645,181,0,295.13715,0.8579779,-61.85556
860,1.2499995,75,0,2.4108531,0.83865875,-61.992977
861,3.0166645,181,0,261.22928,0.8736743,-61.94824
862,3.0166645,181,0,167.04967,0.88455313,-62.078827
863,3.0166645,181,0,194.28366,0.8777038,-62.06155
864,3.0166645,181,0,184.78624,0.8821334,-62.22504
865,3.0166645,181,0,131.84462,0.90145695,-62.352413
866,3.0166645,181,0,185.68436,0.8918054,-62.38938
867,3.0166645,181,0,255.31853,0.8874945,-62.436165
868,0.58333343,35,0,1.0244992,0.9070466,-62.478825
869,3.0166645,181,0,265.62775,0.8967436,-62.548866
870,3.0166645,181,0,249.27005,0.872061,-62.481766
871,0.6000001,36,0,2.5874047,0.8898794,-62.539948
872,0.61666673,37,0,5.7219496,0.8752025,-62.432854
873,1.0333331,62,0,2.4351754,0.8980026,-62.516724
874,3.0166645,181,0,266.6635,0.870942,-62.56185
875,3.0166645,181,0,327.95844,0.8846707,-62.67356
876,3.0166645,181,0,322.85083,0.8877021,-62.67115
877,3.0166645,181,0,301.77902,0.88115054,-62.702656
878,0.61666673,37,0,0.8969012,0.8706376,-63.110657
879,1.1166663,67,0,19.07342,0.88446254,-62.844646
880,3.0166645,181,0,303.74338,0.89173824,-62.931995
881,0.61666673,37,0,1.3056359,0.8822087,-63.1126
882,0.71666664,43,0,2.0877237,0.88986766,-63.15075
883,3.0166645,181,0,230.21555,0.8917855,-63.122856
884,3.0166645,181,0,127.16679,0.88562787,-62.998985
885,3.0166645,181,0,253.65887,0.8760713,-62.904373
886,1.6999991,102,0,61.379765,0.8666311,-62.99846
887,3.0166645,181,0,233.82784,0.8860028,-63.018097
888,3.0166645,181,0,276.1338,0.861037,-63.009666
889,3.0166645,181,0,156.71333,0.86931616,-63.151394
890,3.0166645,181,0,180.88968,0.8702531,-63.13479
891,3.0166645,181,0,266.90265,0.8643777,-63.127705
892,3.0166645,181,0,251.75937,0.8203777,-63.129894
893,0.84999985,51,0,10.672807,0.8375278,-63.288506
894,3.0166645,181,0,241.94922,0.83028424,-63.243847
895,3.0166645,181,0,247.29684,0.8360613,-63.34418
896,3.0166645,181,0,216.36096,0.8305541,-63.228657
897,3.0166645,181,0,221.55127,0.8188578,-63.161644
898,3.0166645,181,0,253.86746,0.81723773,-63.35775
899,3.0166645,181,0,212.79126,0.81303173,-63.53336
900,3.0166645,181,0,269.95892,0.8083913,-63.5141
901,3.0166645,181,0,319.4457,0.808219,-63.47183
902,3.0166645,181,0,313.2472,0.7916478,-63.712944
903,3.0166645,181,0,245.08798,0.80057395,-63.723072
904,3.0166645,181,0,305.11227,0.7904749,-63.548473
905,1.133333,68,0,1.1631444,0.78781533,-63.664715
906,3.0166645,181,0,258.03568,0.7952243,-63.59616
907,1.3499994,81,0,31.950125,0.7922422,-63.7545
908,3.0166645,181,0,208.38072,0.7883339,-63.80579
909,3.0166645,181,0,280.53885,0.79425466,-63.893482
910,3.0166645,181,0,149.47055,0.7883125,-63.937614
911,3.0166645,181,0,222.46022,0.76909786,-63.863598
912,3.0166645,181,0,205.23564,0.79698354,-63.986572
913,3.0166645,181,0,238.34203,0.7941452,-63.83402
914,3.0166645,181,0,237.62056,0.8072167,-63.83351
915,3.0166645,181,0,280.03085,0.81135064,-63.98257
916,3.0166645,181,0,285.8118,0.8140961,-63.87813
917,3.0166645,181,0,238.4499,0.83711773,-64.09387
918,3.0166645,181,0,241.7359,0.82658947,-64.23605
919,1.3499994,81,0,0.9379981,0.8567016,-64.1965
920,3.0166645,181,0,257.8268,0.851856,-64.309296
921,3.0166645,181,0,303.28452,0.84746695,-64.4202
922,3.0166645,181,0,333.16772,0.85285956,-64.2814
923,3.0166645,181,0,216.43059,0.84005815,-64.53927
924,3.0166645,181,0,185.85982,0.8349378,-64.273964
925,1.8999989,114,0,5.7804713,0.8731846,-64.462746
926,3.0166645,181,0,338.86066,0.8516297,-64.510506
927,3.0166645,181,0,288.3066,0.8441636,-64.6334
928,1.2999995,78,0,0.8355891,0.858033,-65.02756
929,3.0166645,181,0,227.41652,0.85377616,-64.712204
930,1.4499993,87,0,5.3895435,0.83936137,-64.889275
931,3.0166645,181,0,198.17995,0.8576384,-64.8514
932,1.3999994,84,0,0.9337611,0.8741389,-64.69674
933,1.1166663,67,0,5.761146,0.8872621,-64.76887
934,3.0166645,181,0,235.82089,0.8596174,-64.72644
935,3.0166645,181,0,273.77026,0.8715694,-64.819824
936,3.0166645,181,0,296.0753,0.866572,-64.948074
937,3.0166645,181,0,272.2484,0.8666521,-65.078545
938,3.0166645,181,0,258.20563,0.88282126,-64.99024
939,3.0166645,181,0,300.82785,0.8578684,-65.069
940,3.0166645,181,0,256.43765,0.87805855,-65.1813
941,3.0166645,181,0,244.09132,0.8687675,-65.08966
942,3.0166645,181,0,320.34265,0.8652726,-65.19592
943,3.0166645,181,0,327.9167,0.85369986,-65.41101
944,3.0166645,181,0,157.12286,0.8514462,-65.19723
945,3.0166645,181,0,254.62,0.8552618,-65.265594
946,3.0166645,181,0,261.2526,0.8310482,-65.19592
947,3.0166645,181,0,295.8667,0.8537568,-65.53013
948,1.8166656,109,0,3.6665678,0.8687148,-65.31607
949,3.0166645,181,0,313.13397,0.83583957,-65.28564
950,3.0166645,181,0,253.51836,0.83316815,-65.44114
951,3.0166645,181,0,222.96515,0.83757967,-65.43422
952,3.0166645,181,0,203.55037,0.83473206,-65.48693
953,3.0166645,181,0,344.8856,0.8478324,-65.549675
954,3.0166645,181,0,266.32617,0.8219837,-65.474945
955,1.7166657,103,0,27.880438,0.818903,-65.32893
956,3.0166645,181,0,243.93248,0.818922,-65.53038
957,3.0166645,181,0,225.40529,0.82122153,-65.3388
958,3.0166645,181,0,227.58475,0.8074466,-65.45162
959,3.0166645,181,0,277.84894,0.8007825,-65.41488
960,3.0166645,181,0,290.87775,0.806944,-65.57761
961,3.0166645,181,0,230.06427,0.80281425,-65.3184
962,1.799999,108,0,4.5729575,0.8048989,-65.33047
963,3.0166645,181,0,221.55907,0.7982891,-65.22473
964,3.0166645,181,0,281.61816,0.79520524,-65.39478
965,3.0166645,181,0,252.33253,0.81610465,-65.34198
966,3.0166645,181,0,226.9958,0.80779314,-65.16657
967,3.0166645,181,0,280.81174,0.8188978,-65.38145
968,3.0166645,181,0,248.7945,0.8280887,-65.33669
969,3.0166645,181,0,263.2785,0.81414247,-65.32524
970,3.0166645,181,0,231.55562,0.82278806,-65.29777
971,3.0166645,181,0,271.0627,0.81441087,-65.071754
972,3.0166645,181,0,257.7062,0.8268535,-65.133514
973,3.0166645,181,0,254.0978,0.81518024,-65.31793
974,0.94999975,57,0,6.519646,0.8203213,-65.205185
975,3.0166645,181,0,156.68907,0.8163094,-65.37933
976,3.0166645,181,0,180.3905,0.8335548,-65.389244
977,3.0166645,181,0,254.67111,0.80944866,-65.322945
978,3.0166645,181,0,113.420586,0.8264949,-65.32788
979,3.0166645,181,0,207.16656,0.82865864,-65.2825
980,3.0166645,181,0,195.29027,0.825444,-65.40484
981,3.0166645,181,0,245.89284,0.83179563,-65.3634
982,3.0166645,181,0,227.87378,0.8336534,-65.32238
983,3.0166645,181,0,2.0725603,0.833958,-65.13833
984,3.0166645,181,0,221.08554,0.8495497,-65.22129
985,3.0166645,181,0,318.32043,0.8267357,-65.237564
986,3.0166645,181,0,272.30606,0.818525,-65.13268
987,3.0166645,181,0,241.21956,0.8216214,-65.07457
988,3.0166645,181,0,244.20073,0.8307137,-65.254715
989,3.0166645,181,0,248.53165,0.8253289,-65.26464
990,3.0166645,181,0,250.6973,0.83320993,-65.288574
991,1.0999997,66,0,1.5628662,0.8065094,-65.31493
992,3.0166645,181,0,191.25627,0.82417727,-65.29913
993,3.0166645,181,0,295.37378,0.8396939,-65.23376
994,3.0166645,181,0,259.3262,0.8447835,-65.291245
995,3.0166645,181,0,244.95892,0.83409363,-65.259834
996,3.0166645,181,0,256.961,0.8347368,-65.226715
997,3.0166645,181,0,240.18752,0.83383954,-65.274864
998,3.0166645,181,0,195.55988,0.81726867,-65.384315
999,3.0166645,181,0,312.76703,0.8072953,-65.50115
1000,3.0166645,181,0,222.8211,0.8211092,-65.303375
1001,3.0166645,181,0,326.4133,0.8086796,-65.29
1002,3.0166645,181,0,249.91719,0.8308181,-65.32588
1003,3.0166645,181,0,287.27368,0.82568383,-65.313065
1004,3.0166645,181,0,250.59756,0.80908895,-65.43105
1005,3.0166645,181,0,219.93384,0.8267379,-65.699455
1006,3.0166645,181,0,286.49872,0.8237398,-65.65603
1007,3.0166645,181,0,297.70206,0.8126601,-65.54938
1008,3.0166645,181,0,247.5304,0.81974757,-65.63531
1009,3.0166645,181,0,264.46548,0.8181385,-65.570206
1010,3.0166645,181,0,330.96985,0.8230589,-65.65583
1011,3.0166645,181,0,284.53696,0.8038072,-65.7948
1012,1.8333323,110,0,1.4440058,0.822641,-65.68777
1013,3.0166645,181,0,182.53238,0.8253877,-65.70397
1014,3.0166645,181,0,280.04068,0.8338409,-65.77927
1015,3.0166645,181,0,255.0423,0.8371646,-65.806694
1016,3.0166645,181,0,303.8137,0.8175084,-66.03959
1017,3.0166645,181,0,239.06737,0.8352755,-66.08934
1018,3.0166645,181,0,259.81046,0.82573926,-65.924706
1019,3.0166645,181,0,350.551,0.8185787,-66.00109
1020,3.0166645,181,0,2.9755125,0.8148395,-65.99349
1021,3.0166645,181,0,195.18236,0.8157908,-66.15957
1022,3.0166645,181,0,268.03323,0.81168413,-66.06904
1023,3.0166645,181,0,285.09814,0.81930244,-65.96394
1024,3.0166645,181,0,298.172,0.80586976,-65.914024
1025,3.0166645,181,0,270.009,0.8247556,-66.08646
1026,3.0166645,181,0,251.5654,0.81694466,-66.1329
1027,0.71666664,43,0,1.5544072,0.8068711,-66.21255
1028,3.0166645,181,0,296.60458,0.80838513,-66.136406
1029,3.0166645,181,0,290.49228,0.8328071,-66.21143
1030,3.0166645,181,0,257.40543,0.83378583,-66.229904
1031,3.0166645,181,0,236.62239,0.81732076,-66.540504
1032,3.0166645,181,0,75.97465,0.8078035,-66.25853
1033,3.0166645,181,0,281.7097,0.8036342,-66.31131
1034,1.0999997,66,0,4.5461016,0.8014693,-66.39835
1035,3.0166645,181,0,273.05103,0.80511856,-66.4256
1036,3.0166645,181,0,241.00339,0.8047255,-66.57449
1037,0.5666668,34,0,3.5238914,0.77738976,-66.652214
1038,3.0166645,181,0,216.4188,0.7902452,-66.23456
1039,3.0166645,181,0,230.74072,0.79541904,-66.45359
1040,3.0166645,181,0,256.25677,0.8080835,-66.62043
1041,0.68333334,41,0,2.0393229,0.8001807,-66.55457
1042,3.0166645,181,0,338.55292,0.7968013,-66.64224
1043,0.6333334,38,0,4.2081146,0.77989393,-66.456696
1044,0.58333343,35,0,0.9187328,0.8064679,-66.30765
1045,3.0166645,181,0,249.1422,0.77969354,-66.58517
1046,0.91666645,55,0,3.7347372,0.7993265,-66.622574
1047,3.0166645,181,0,254.08623,0.7917782,-66.66761
1048,3.0166645,181,0,187.99522,0.82329553,-66.638664
1049,3.0166645,181,0,247.55775,0.8147218,-67.002365
1050,1.2999995,78,0,4.6826787,0.81618774,-66.87298
1051,3.0166645,181,0,3.3925402,0.8137612,-66.73834
1052,3.0166645,181,0,229.06564,0.8210622,-66.982605
1053,3.0166645,181,0,278.5369,0.80772585,-66.87476
1054,3.0166645,181,0,271.1198,0.80849326,-66.92665
1055,3.0166645,181,0,227.8716,0.80198747,-66.99954
1056,3.0166645,181,0,198.85518,0.8118465,-67.15547
1057,3.0166645,181,0,238.33594,0.7928568,-67.16532
1058,3.0166645,181,0,209.49278,0.7938771,-67.22637
1059,3.0166645,181,0,223.2952,0.8136838,-67.2818
1060,1.5499992,93,0,4.4275737,0.81781584,-67.239395
1061,3.0166645,181,0,288.5006,0.82918495,-67.18858
1062,3.0166645,181,0,290.91992,0.82602364,-67.22839
1063,3.0166645,181,0,319.35007,0.81822944,-67.36576
1064,3.0166645,181,0,157.24176,0.8068335,-67.40021
1065,3.0166645,181,0,134.7582,0.8202172,-67.33313
1066,3.0166645,181,0,246.25127,0.82585067,-67.62946
1067,3.0166645,181,0,193.20633,0.8064744,-67.73217
1068,3.0166645,181,0,216.07751,0.79745287,-67.93927
1069,3.0166645,181,0,90.41337,0.80886656,-67.876205
1070,3.0166645,181,0,165.00401,0.8065887,-68.07659
1071,3.0166645,181,0,274.08054,0.7912538,-67.91153
1072,3.0166645,181,0,232.20482,0.7871907,-68.05165
1073,3.0166645,181,0,151.03342,0.7880047,-68.03902
1074,3.0166645,181,0,274.8281,0.7770025,-68.20215
1075,3.0166645,181,0,247.68938,0.79295784,-68.35544
1076,3.0166645,181,0,185.07344,0.79557526,-68.4006
1077,3.0166645,181,0,219.09811,0.7961148,-68.4484
1078,2.4499984,147,0,2.1844368,0.8037454,-68.478874
1079,1.5666659,94,0,4.9268827,0.8026379,-68.61048
1080,3.0166645,181,0,225.36916,0.8168115,-68.45827
1081,3.0166645,181,0,220.52014,0.7965088,-68.54844
1082,3.0166645,181,0,219.74374,0.8096057,-68.675606
1083,3.0166645,181,0,279.25833,0.79640895,-68.80942
1084,3.0166645,181,0,194.30524,0.82015383,-68.84964
1085,3.0166645,181,0,304.17175,0.8173921,-68.68837
1086,3.0166645,181,0,310.23123,0.81525296,-68.85303
1087,3.0166645,181,0,284.36996,0.8222862,-68.85422
1088,3.0166645,181,0,352.54272,0.8030103,-68.93595
1089,3.0166645,181,0,178.11247,0.8236924,-69.05215
1090,3.0166645,181,0,345.87363,0.81270474,-69.069496
1091,3.0166645,181,0,284.9728,0.81793433,-69.189384
1092,3.0166645,181,0,220.02715,0.80183053,-69.24933
1093,3.0166645,181,0,244.69153,0.806123,-69.36212
1094,3.0166645,181,0,404.40973,0.7955059,-69.15716
1095,3.0166645,181,0,327.4961,0.8054388,-69.29579
1096,3.0166645,181,0,221.10316,0.82012427,-69.368324
1097,3.0166645,181,0,224.5057,0.82120264,-69.29675
1098,3.0166645,181,0,261.41473,0.8156223,-69.36662
1099,3.0166645,181,0,245.74005,0.820176,-69.407715
1100,3.0166645,181,0,211.9302,0.8077757,-69.58774
1101,3.0166645,181,0,185.52959,0.81999636,-69.62222
1102,3.0166645,181,0,168.58963,0.82342744,-69.62147
1103,0.98333305,59,0,1.3539128,0.8294873,-69.728584
1104,3.0166645,181,0,206.30583,0.8156486,-69.66157
1105,1.2166662,73,0,0.79035944,0.80909216,-69.634415
1106,3.0166645,181,0,397.7664,0.81084555,-69.57279
1107,1.0499997,63,0,2.189516,0.80489475,-69.67948
1108,3.0166645,181,0,302.21307,0.8189368,-69.83283
1109,3.0166645,181,0,179.85336,0.81039345,-69.74274
1110,3.0166645,181,0,292.99207,0.80489117,-69.893074
1111,3.0166645,181,0,294.66373,0.82838356,-70.131065
1112,3.0166645,181,0,207.27582,0.8143501,-70.01153
1113,3.0166645,181,0,276.88345,0.82327944,-70.24794
1114,3.0166645,181,0,302.57526,0.80866647,-70.378654
1115,3.0166645,181,0,298.7164,0.8011378,-70.31714
1116,3.0166645,181,0,270.82806,0.8165788,-70.469185
1117,3.0166645,181,0,382.7025,0.8198007,-70.57239
1118,3.0166645,181,0,226.9041,0.82634884,-70.58712
1119,3.0166645,181,0,287.07336,0.8126066,-70.696335
1120,3.0166645,181,0,3.8257272,0.8126652,-70.57925
1121,3.0166645,181,0,204.5503,0.8101822,-70.750114
1122,3.0166645,181,0,240.92574,0.7945039,-71.053246
1123,3.0166645,181,0,265.64667,0.82636535,-71.15097
1124,3.0166645,181,0,215.81946,0.8102457,-70.88515
1125,3.0166645,181,0,212.0446,0.8049512,-70.92701
1126,3.0166645,181,0,318.85284,0.8216685,-71.11641
1127,3.0166645,181,0,254.07043,0.78062737,-71.28992
1128,3.0166645,181,0,357.36096,0.7920055,-71.29403
1129,3.0166645,181,0,268.34198,0.78843755,-71.29153
1130,1.4333327,86,0,23.23169,0.78021395,-71.136986
1131,3.0166645,181,0,257.86502,0.78890055,-71.29603
1132,3.0166645,181,0,219.63805,0.81290805,-71.47331
1133,3.0166645,181,0,242.66728,0.791424,-71.387436
1134,3.0166645,181,0,214.48921,0.79790896,-71.45623
1135,1.4499993,87,0,3.791757,0.77466315,-71.123474
1136,3.0166645,181,0,262.0501,0.7857066,-71.45225
1137,1.0499997,63,0,2.5222492,0.771093,-71.2612
1138,3.0166645,181,0,241.53233,0.7734637,-71.44442
1139,1.6166658,97,0,3.8523953,0.7696891,-71.3537
1140,3.0166645,181,0,220.43694,0.7843416,-71.43874
1141,3.0166645,181,0,162.5878,0.8040985,-71.57646
1142,3.0166645,181,0,220.84819,0.77108943,-71.52369
1143,3.0166645,181,0,205.85799,0.7795276,-71.56927
1144,3.0166645,181,0,280.6046,0.76178825,-71.54078
1145,3.0166645,181,0,347.494,0.7706848,-71.641975
1146,2.4833317,149,0,3.901753,0.776884,-71.69476
1147,3.0166645,181,0,267.5735,0.7869238,-71.677956
1148,3.0166645,181,0,384.63113,0.76940364,-71.86684
1149,1.5166659,91,0,3.5884397,0.7839283,-71.9618
1150,3.0166645,181,0,304.9635,0.7965722,-71.809235
1151,3.0166645,181,0,338.29236,0.79417187,-71.90938
1152,0.8999998,54,0,1.4523723,0.7894517,-72.13018
1153,2.2499986,135,0,20.879599,0.78397894,-72.007484
1154,3.0166645,181,0,259.5104,0.81733966,-71.9603
1155,3.0166645,181,0,265.96396,0.7973024,-71.940865
1156,3.0166645,181,0,291.24945,0.7930759,-72.01748
1157,3.0166645,181,0,279.98602,0.80318546,-72.10824
1158,3.0166645,181,0,243.86005,0.791254,-72.17277
1159,0.91666645,55,0,2.4008236,0.78082824,-72.11908
1160,1.5833325,95,0,4.568253,0.8128453,-72.365295
1161,1.7166657,103,0,5.767125,0.81530935,-72.10253
1162,0.91666645,55,0,1.8362852,0.8234566,-72.30173
1163,0.8999998,54,0,2.976649,0.82682234,-72.12261
1164,3.0166645,181,0,322.23077,0.80290186,-72.25115
1165,1.6999991,102,0,7.7650447,0.7871252,-72.16034
1166,1.3666661,82,0,0.6344245,0.79628164,-72.18544
1167,1.0333331,62,0,14.2759075,0.81874144,-72.37615
1168,2.1999986,132,0,3.2994673,0.7926074,-72.29549
1169,2.0999987,126,0,14.332741,0.79554373,-72.41455
1170,3.0166645,181,0,285.85016,0.7991771,-72.52162
1171,3.0166645,181,0,278.90076,0.8324943,-72.37156
1172,0.94999975,57,0,9.58925,0.8009303,-72.57825
1173,0.9999997,60,0,3.6243167,0.81318974,-72.750244
1174,3.0166645,181,0,278.50476,0.81147206,-72.52051
1175,3.0166645,181,0,289.6826,0.80577785,-72.60813
1176,1.6499991,99,0,3.3099334,0.8066478,-72.65388
1177,3.0166645,181,0,177.38005,0.78796977,-72.52441
1178,3.0166645,181,0,277.34598,0.7687713,-72.71207
1179,3.0166645,181,0,326.59958,0.77825314,-72.75422
1180,3.0166645,181,0,307.40866,0.76989096,-72.75923
1181,0.91666645,55,0,1.3723451,0.7669633,-72.833115
1182,2.7166648,163,0,128.27716,0.7617909,-72.849106
1183,1.1999996,72,0,3.615312,0.76419157,-72.70618
1184,0.74999994,45,0,1.1175331,0.8089187,-72.85821
